layer_name,avg_forward_time_ms,num_calls
encoder.dropout,0.0002349890372180915,1001
encoder.graph_layer_1,0.00030252969471159034,1001
encoder.graph_layer_2,0.00028224958741402886,1001
encoder.decoder_1,0.0002534989570895513,1001
encoder.decoder_2,0.00024356155448800677,1001
encoder.linear,0.00023942247226640777,1001
encoder.vq.project_in,0.0002140534686280059,1001
encoder.vq.project_out,0.00027258188224636715,1001
encoder.vq._codebook,0.000303719201116831,1001
