compiled,train_time_sec,cpu_mem_mb,gpu_mem_mb
False,179.2465889453888,1337.75390625,5835.44091796875
