compiled,train_time_sec,cpu_mem_mb,gpu_mem_mb
True,63.95105504989624,1298.5234375,1386.412109375
