compiled,train_time_sec,cpu_mem_mb,gpu_mem_mb
True,281.0461049079895,1272.8671875,1244.65234375
