compiled,train_time_sec,cpu_mem_mb,gpu_mem_mb
True,83.84085297584534,1330.12890625,1511.72216796875
