compiled,train_time_sec,cpu_mem_mb,gpu_mem_mb
True,87.48713684082031,1298.0703125,1512.330078125
