compiled,train_time_sec,cpu_mem_mb,gpu_mem_mb
True,583.8225674629211,1307.21484375,2081.19677734375
