compiled,train_time_sec,cpu_mem_mb,gpu_mem_mb
True,179.09742164611816,1313.734375,7019.2548828125
