layer_name,avg_forward_time_ms,num_calls
encoder.dropout,0.00017045319757678294,1001
encoder.graph_layer_1,0.00024849402864317554,1001
encoder.graph_layer_2,0.00023127119005708906,1001
encoder.decoder_1,0.00022376280884583158,1001
encoder.decoder_2,0.0002257739678471834,1001
encoder.linear,0.00021710794616293359,1001
encoder.vq.project_in,0.00016553037624050687,1001
encoder.vq.project_out,0.00024142200136547916,1001
encoder.vq._codebook,0.000247413727020348,1001
