compiled,train_time_sec,cpu_mem_mb,gpu_mem_mb
False,178.59110617637634,1349.2890625,5835.44091796875
