layer_name,avg_forward_time_ms,num_calls
encoder.dropout,0.0001892453670105006,3005
encoder.graph_layer_1,0.00028893608792054275,3005
encoder.graph_layer_2,0.00028899040215721544,3005
encoder.decoder_1,0.0002474036724763781,3005
encoder.decoder_2,0.00022806567349122487,3005
encoder.linear,0.000247470228723599,3005
encoder.vq.project_in,0.0001788626699251264,3005
encoder.vq.project_out,0.0002456920766914744,3005
encoder.vq._codebook,0.00029619451544050766,3005
