compiled,train_time_sec,cpu_mem_mb,gpu_mem_mb
False,48.674362897872925,1209.77734375,548.0009765625
