layer_name,avg_forward_time_ms,num_calls
encoder.dropout,0.00014719367337207034,3005
encoder.graph_layer_1,0.0002864098851220332,3005
encoder.graph_layer_2,0.00027984786722902054,3005
encoder.decoder_1,0.0002183959476135287,3005
encoder.decoder_2,0.00018320593962789871,3005
encoder.linear,0.00019043218344449997,3005
encoder.vq.project_in,0.00015994635202957569,3005
encoder.vq.project_out,0.0002169175117668663,3005
encoder.vq._codebook,0.00025619618662829803,3005
