compiled,train_time_sec,cpu_mem_mb,gpu_mem_mb
False,89.34586310386658,1219.765625,1473.66650390625
