compiled,train_time_sec,cpu_mem_mb,gpu_mem_mb
False,88.25375270843506,1220.50390625,1472.15966796875
