compiled,train_time_sec,cpu_mem_mb,gpu_mem_mb
True,101.72729706764221,1263.9375,546.96435546875
