compiled,train_time_sec,cpu_mem_mb,gpu_mem_mb
False,47.7593469619751,1203.3359375,549.66552734375
