compiled,train_time_sec,cpu_mem_mb,gpu_mem_mb
False,199.71710348129272,1294.46875,1282.0693359375
