layer_name,avg_forward_time_ms,num_calls
encoder.dropout,0.0002052149754929376,1001
encoder.graph_layer_1,0.00027638567438522185,1001
encoder.graph_layer_2,0.00027109941860268286,1001
encoder.decoder_1,0.00023614702658815223,1001
encoder.decoder_2,0.00020439018282321069,1001
encoder.linear,0.00023044732777954458,1001
encoder.vq.project_in,0.000200981225866776,1001
encoder.vq.project_out,0.00023292659034768304,1001
encoder.vq._codebook,0.0002612074889190547,1001
