compiled,train_time_sec,cpu_mem_mb,gpu_mem_mb
False,69.04555344581604,1291.08984375,2107.1943359375
