layer_name,avg_forward_time_ms,num_calls
encoder.dropout,0.00020711518522653426,1001
encoder.graph_layer_1,0.0002465664886392199,1001
encoder.graph_layer_2,0.00024120149841824252,1001
encoder.decoder_1,0.0002182960569799006,1001
encoder.decoder_2,0.00022530295680482667,1001
encoder.linear,0.00020888816382918325,1001
encoder.vq.project_in,0.0001816500022962734,1001
encoder.vq.project_out,0.00023053618023296694,1001
encoder.vq._codebook,0.0002351272004571828,1001
