compiled,train_time_sec,cpu_mem_mb,gpu_mem_mb
False,289.9726474285126,1418.34375,11611.08642578125
