compiled,train_time_sec,cpu_mem_mb,gpu_mem_mb
True,63.72823429107666,1297.5078125,1386.40673828125
