compiled,train_time_sec,cpu_mem_mb,gpu_mem_mb
True,279.7719051837921,1269.10546875,1244.595703125
