compiled,train_time_sec,cpu_mem_mb,gpu_mem_mb
True,41.5068736076355,1312.8046875,553.27099609375
