compiled,train_time_sec,cpu_mem_mb,gpu_mem_mb
True,133.9546000957489,1281.953125,1362.7568359375
