compiled,train_time_sec,cpu_mem_mb,gpu_mem_mb
True,139.45672702789307,1258.0859375,1362.30322265625
