compiled,train_time_sec,cpu_mem_mb,gpu_mem_mb
False,29.664446115493774,1248.80859375,613.7314453125
