layer_name,avg_forward_time_ms,num_calls
encoder.dropout,0.00019781779615633103,3005
encoder.graph_layer_1,0.0002960857707455432,3005
encoder.graph_layer_2,0.0003077248235336953,3005
encoder.decoder_1,0.00026878267805558473,3005
encoder.decoder_2,0.00023350391549348037,3005
encoder.linear,0.0002393826374322325,3005
encoder.vq.project_in,0.00018573857335600004,3005
encoder.vq.project_out,0.0002595036602059934,3005
encoder.vq._codebook,0.000293723527596219,3005
