layer_name,avg_forward_time_ms,num_calls
encoder.dropout,0.0001633798098424062,3005
encoder.graph_layer_1,0.0003038210652539268,3005
encoder.graph_layer_2,0.00031096616701010657,3005
encoder.decoder_1,0.0002316584227182058,3005
encoder.decoder_2,0.0001947077153135903,3005
encoder.linear,0.00020406113436969366,3005
encoder.vq.project_in,0.00016880058954638768,3005
encoder.vq.project_out,0.0002530805852586487,3005
encoder.vq._codebook,0.00028105217501669873,3005
