compiled,train_time_sec,cpu_mem_mb,gpu_mem_mb
False,87.12830662727356,1220.48828125,1468.73046875
