compiled,train_time_sec,cpu_mem_mb,gpu_mem_mb
False,85.73790502548218,1247.62109375,1469.23583984375
