compiled,train_time_sec,cpu_mem_mb,gpu_mem_mb
False,230.56196904182434,1298.7890625,1245.8515625
