compiled,train_time_sec,cpu_mem_mb,gpu_mem_mb
False,68.65322208404541,1264.28515625,2107.296875
