layer_name,avg_forward_time_ms,num_calls
encoder.dropout,0.0001606104520464102,3005
encoder.graph_layer_1,0.00024840747860079004,3005
encoder.graph_layer_2,0.00023962441714055926,3005
encoder.decoder_1,0.00023183594155628948,3005
encoder.decoder_2,0.00021782743987842725,3005
encoder.linear,0.0002162457023826296,3005
encoder.vq.project_in,0.00016150303408131624,3005
encoder.vq.project_out,0.0002339065071821411,3005
encoder.vq._codebook,0.00025008292946214483,3005
