layer_name,avg_forward_time_ms,num_calls
encoder.dropout,0.00016457953656126377,3005
encoder.graph_layer_1,0.00024268961706804654,3005
encoder.graph_layer_2,0.00024361957403863725,3005
encoder.decoder_1,0.00021921426403381165,3005
encoder.decoder_2,0.00020364423773674522,3005
encoder.linear,0.00020349650068856318,3005
encoder.vq.project_in,0.0001546333678773358,3005
encoder.vq.project_out,0.00021370287020744974,3005
encoder.vq._codebook,0.00024141022042927646,3005
