compiled,train_time_sec,cpu_mem_mb,gpu_mem_mb
False,86.05322170257568,1245.58984375,1469.9013671875
