compiled,train_time_sec,cpu_mem_mb,gpu_mem_mb
False,87.34025835990906,1218.55078125,1469.04248046875
