compiled,train_time_sec,cpu_mem_mb,gpu_mem_mb
True,41.12264537811279,1279.87890625,553.27099609375
