compiled,train_time_sec,cpu_mem_mb,gpu_mem_mb
False,522.621678352356,1438.4921875,2082.80615234375
