compiled,train_time_sec,cpu_mem_mb,gpu_mem_mb
True,62.01495814323425,1318.6328125,619.47265625
