layer_name,avg_forward_time_ms,num_calls
encoder.dropout,0.00016701597995780684,1001
encoder.graph_layer_1,0.00028320102971958943,1001
encoder.graph_layer_2,0.00028440251492417893,1001
encoder.decoder_1,0.0002230689688757821,1001
encoder.decoder_2,0.00020155202147069867,1001
encoder.linear,0.00021957988189263538,1001
encoder.vq.project_in,0.00019219820736558527,1001
encoder.vq.project_out,0.0002428531771401068,1001
encoder.vq._codebook,0.0002822303980752662,1001
