compiled,train_time_sec,cpu_mem_mb,gpu_mem_mb
False,53.5412654876709,1247.78515625,613.49658203125
