compiled,train_time_sec,cpu_mem_mb,gpu_mem_mb
False,289.47475695610046,1368.48046875,11611.08642578125
