layer_name,avg_forward_time_ms,num_calls
encoder.dropout,0.0001846403118453689,1001
encoder.graph_layer_1,0.000254991102626884,1001
encoder.graph_layer_2,0.0002670943128553542,1001
encoder.decoder_1,0.0002313721085341273,1001
encoder.decoder_2,0.00019782632412565696,1001
encoder.linear,0.0002209091215737752,1001
encoder.vq.project_in,0.00016351944983720066,1001
encoder.vq.project_out,0.00024334454051145427,1001
encoder.vq._codebook,0.0002586752230712733,1001
