layer_name,avg_forward_time_ms,num_calls
encoder.dropout,0.0002235477719526667,1001
encoder.graph_layer_1,0.00028597522660955924,1001
encoder.graph_layer_2,0.00027418866954542894,1001
encoder.decoder_1,0.00026360417918100225,1001
encoder.decoder_2,0.00025512784120294596,1001
encoder.linear,0.00023741968679469783,1001
encoder.vq.project_in,0.00019753947258591056,1001
encoder.vq.project_out,0.00026338565331715324,1001
encoder.vq._codebook,0.00030224953036565524,1001
