compiled,train_time_sec,cpu_mem_mb,gpu_mem_mb
False,73.17248320579529,1279.40234375,1691.96240234375
