compiled,train_time_sec,cpu_mem_mb,gpu_mem_mb
False,102.3245735168457,1272.40625,1691.8212890625
