compiled,train_time_sec,cpu_mem_mb,gpu_mem_mb
True,577.9781296253204,1303.27734375,2082.45166015625
