compiled,train_time_sec,cpu_mem_mb,gpu_mem_mb
True,254.80486512184143,1295.95703125,1280.62890625
