compiled,train_time_sec,cpu_mem_mb,gpu_mem_mb
True,190.2860050201416,1357.359375,7019.1416015625
