compiled,train_time_sec,cpu_mem_mb,gpu_mem_mb
True,254.705721616745,1292.48046875,1280.39794921875
