layer_name,avg_forward_time_ms,num_calls
encoder.dropout,0.00021556489072836838,1001
encoder.graph_layer_1,0.0002915083852175114,1001
encoder.graph_layer_2,0.0002782070333813573,1001
encoder.decoder_1,0.0002809077292889148,1001
encoder.decoder_2,0.00027273853703008426,1001
encoder.linear,0.0002414508435231346,1001
encoder.vq.project_in,0.0002144979634931633,1001
encoder.vq.project_out,0.00026952589282414296,1001
encoder.vq._codebook,0.0002792010411292642,1001
