compiled,train_time_sec,cpu_mem_mb,gpu_mem_mb
False,69.13387060165405,1261.54296875,2107.1943359375
