compiled,train_time_sec,cpu_mem_mb,gpu_mem_mb
True,143.8057131767273,1332.02734375,3637.24267578125
