compiled,train_time_sec,cpu_mem_mb,gpu_mem_mb
True,577.3650603294373,1301.41015625,2082.01318359375
