compiled,train_time_sec,cpu_mem_mb,gpu_mem_mb
True,179.3265564441681,1322.8046875,7019.2548828125
