layer_name,avg_forward_time_ms,num_calls
encoder.dropout,0.00017155637810586471,20039
encoder.graph_layer_1,0.0002961821433604195,20039
encoder.graph_layer_2,0.00028875879159793864,20039
encoder.decoder_1,0.00024911895333163493,20039
encoder.decoder_2,0.00020791556300602188,20039
encoder.linear,0.00023087534959239276,20039
encoder.vq.project_in,0.00016453315717357262,20039
encoder.vq.project_out,0.00025374960382768533,20039
encoder.vq._codebook,0.00027423698087567026,20039
