compiled,train_time_sec,cpu_mem_mb,gpu_mem_mb
False,227.96415519714355,1289.01953125,1245.56396484375
