compiled,train_time_sec,cpu_mem_mb,gpu_mem_mb
True,134.2874140739441,1348.328125,3636.79345703125
