compiled,train_time_sec,cpu_mem_mb,gpu_mem_mb
False,525.0433871746063,1452.296875,2084.0146484375
