layer_name,avg_forward_time_ms,num_calls
_orig_mod.encoder.dropout,0.0022563617289091107,3005
_orig_mod.encoder.graph_layer_1,0.002954338371952044,3005
_orig_mod.encoder.graph_layer_2,0.0023562548303985953,3005
_orig_mod.encoder.decoder_1,0.002376818967465553,3005
_orig_mod.encoder.decoder_2,0.0023593371052189594,3005
_orig_mod.encoder.linear,0.0005983856015415635,3005
_orig_mod.encoder.vq.project_in,0.002253177372766612,3005
_orig_mod.encoder.vq.project_out,0.002857169621436548,3005
_orig_mod.encoder.vq._codebook,0.0025975663980435017,3005
