compiled,train_time_sec,cpu_mem_mb,gpu_mem_mb
True,142.84012913703918,1279.15625,1362.58837890625
