compiled,train_time_sec,cpu_mem_mb,gpu_mem_mb
True,143.83357620239258,1285.14453125,1364.044921875
