layer_name,avg_forward_time_ms,num_calls
encoder.dropout,0.00018256440336307089,1001
encoder.graph_layer_1,0.0002514550308385244,1001
encoder.graph_layer_2,0.0002427056227549241,1001
encoder.decoder_1,0.0002185632830595488,1001
encoder.decoder_2,0.00022858866587184467,1001
encoder.linear,0.00023204481115678211,1001
encoder.vq.project_in,0.00018011066843043793,1001
encoder.vq.project_out,0.0002384410248129637,1001
encoder.vq._codebook,0.0002647749614435714,1001
