layer_name,avg_forward_time_ms,num_calls
encoder.dropout,0.00018193493490214352,1001
encoder.graph_layer_1,0.00033841422339389614,1001
encoder.graph_layer_2,0.0003097624472388021,1001
encoder.decoder_1,0.00024891538000279496,1001
encoder.decoder_2,0.0002178062054958496,1001
encoder.linear,0.00022197133869855673,1001
encoder.vq.project_in,0.00017111598570774365,1001
encoder.vq.project_out,0.000244311334288025,1001
encoder.vq._codebook,0.00028422143734567294,1001
