compiled,train_time_sec,cpu_mem_mb,gpu_mem_mb
False,75.4698383808136,1258.6328125,1691.8212890625
