compiled,train_time_sec,cpu_mem_mb,gpu_mem_mb
False,72.42151713371277,1264.46875,1691.96240234375
