compiled,train_time_sec,cpu_mem_mb,gpu_mem_mb
True,295.2645173072815,1310.14453125,1244.59228515625
