compiled,train_time_sec,cpu_mem_mb,gpu_mem_mb
True,100.15075063705444,1236.6015625,547.0771484375
