compiled,train_time_sec,cpu_mem_mb,gpu_mem_mb
True,110.77970266342163,1265.3828125,619.5185546875
