layer_name,avg_forward_time_ms,num_calls
encoder.dropout,0.0001635623885170566,20039
encoder.graph_layer_1,0.0002702676709565677,20039
encoder.graph_layer_2,0.0002797315063747801,20039
encoder.decoder_1,0.00023109949512670327,20039
encoder.decoder_2,0.00021919645110649098,20039
encoder.linear,0.00021034217674711448,20039
encoder.vq.project_in,0.0001524815484033688,20039
encoder.vq.project_out,0.00022836942540798558,20039
encoder.vq._codebook,0.000239424123052078,20039
