compiled,train_time_sec,cpu_mem_mb,gpu_mem_mb
False,220.74733591079712,1311.01953125,1245.462890625
