compiled,train_time_sec,cpu_mem_mb,gpu_mem_mb
True,86.96972751617432,1347.0859375,1512.330078125
