compiled,train_time_sec,cpu_mem_mb,gpu_mem_mb
True,87.47040629386902,1293.6953125,1511.72216796875
