layer_name,avg_forward_time_ms,num_calls
encoder.dropout,0.00016331353446409825,3005
encoder.graph_layer_1,0.0002971225450692478,3005
encoder.graph_layer_2,0.00026912498946445756,3005
encoder.decoder_1,0.00022690454203505285,3005
encoder.decoder_2,0.0002312693611630386,3005
encoder.linear,0.00024200358990573642,3005
encoder.vq.project_in,0.00016276179169755607,3005
encoder.vq.project_out,0.00023989393507531796,3005
encoder.vq._codebook,0.0002634637956561741,3005
