compiled,train_time_sec,cpu_mem_mb,gpu_mem_mb
False,45.74223470687866,1199.89453125,547.79833984375
