compiled,train_time_sec,cpu_mem_mb,gpu_mem_mb
False,290.12618947029114,1411.04296875,11611.08642578125
