compiled,train_time_sec,cpu_mem_mb,gpu_mem_mb
False,197.57857012748718,1294.23046875,1281.66748046875
