layer_name,avg_forward_time_ms,num_calls
encoder.dropout,0.00018093313511970875,1001
encoder.graph_layer_1,0.0002821858555495322,1001
encoder.graph_layer_2,0.0002764534767155166,1001
encoder.decoder_1,0.00023463676747801778,1001
encoder.decoder_2,0.00020581391546037884,1001
encoder.linear,0.00023241231606884317,1001
encoder.vq.project_in,0.00017516167981403095,1001
encoder.vq.project_out,0.0002374303863047958,1001
encoder.vq._codebook,0.0002764198662979262,1001
