compiled,train_time_sec,cpu_mem_mb,gpu_mem_mb
False,29.493221282958984,1245.83984375,613.81298828125
