compiled,train_time_sec,cpu_mem_mb,gpu_mem_mb
False,523.809079170227,1499.84375,2084.40185546875
