compiled,train_time_sec,cpu_mem_mb,gpu_mem_mb
False,198.26829648017883,1273.0546875,1282.35498046875
