layer_name,avg_forward_time_ms,num_calls
encoder.dropout,0.00016280979320004984,1001
encoder.graph_layer_1,0.0002594483499001194,1001
encoder.graph_layer_2,0.00026238443502983247,1001
encoder.decoder_1,0.00020958258529434672,1001
encoder.decoder_2,0.0002073527841301231,1001
encoder.linear,0.0002017492646133745,1001
encoder.vq.project_in,0.00015609247794190606,1001
encoder.vq.project_out,0.0002439930238626101,1001
encoder.vq._codebook,0.00025607335225834353,1001
