compiled,train_time_sec,cpu_mem_mb,gpu_mem_mb
False,178.3378415107727,1321.3203125,5835.18994140625
