compiled,train_time_sec,cpu_mem_mb,gpu_mem_mb
True,143.15933442115784,1263.98046875,1494.615234375
