compiled,train_time_sec,cpu_mem_mb,gpu_mem_mb
True,167.15998339653015,1256.171875,1496.13525390625
