compiled,train_time_sec,cpu_mem_mb,gpu_mem_mb
True,261.3906011581421,1265.90234375,1281.33056640625
