compiled,train_time_sec,cpu_mem_mb,gpu_mem_mb
True,134.3860342502594,1337.96875,3636.95947265625
