compiled,train_time_sec,cpu_mem_mb,gpu_mem_mb
True,107.73585748672485,1327.3046875,1511.8955078125
