compiled,train_time_sec,cpu_mem_mb,gpu_mem_mb
True,92.82789278030396,1332.71484375,1511.73974609375
