compiled,train_time_sec,cpu_mem_mb,gpu_mem_mb
True,72.20676374435425,1307.6328125,1385.6181640625
