layer_name,avg_forward_time_ms,num_calls
encoder.dropout,0.00020110918386661626,1001
encoder.graph_layer_1,0.0002471714470810913,1001
encoder.graph_layer_2,0.00023674410577122863,1001
encoder.decoder_1,0.00023789709428330877,1001
encoder.decoder_2,0.0002156020191913986,1001
encoder.linear,0.00022465136245481082,1001
encoder.vq.project_in,0.00017302014960811568,1001
encoder.vq.project_out,0.00024737883731350675,1001
encoder.vq._codebook,0.0002512258054645775,1001
