compiled,train_time_sec,cpu_mem_mb,gpu_mem_mb
False,72.39145183563232,1249.7109375,1691.96240234375
