compiled,train_time_sec,cpu_mem_mb,gpu_mem_mb
False,75.30503344535828,1258.20703125,1691.8212890625
